{
  "mode": "parallel",
  "num_clients": 200,
  "num_workers": 2,
  "num_rounds": 3,
  "local_epochs": 1,
  "total_time": 69.16121029853821,
  "round_times": [
    19.679450035095215,
    19.568896532058716,
    19.589007139205933
  ],
  "serialization_times": [
    6.937980651855469e-05,
    0.00010752677917480469,
    0.00010466575622558594
  ],
  "training_times": [
    19.627135753631592,
    19.52823519706726,
    19.54199528694153
  ],
  "aggregation_times": [
    0.052228450775146484,
    0.04054856300354004,
    0.04690289497375488
  ],
  "final_accuracy": 0.2005
}