{
  "mode": "parallel",
  "num_clients": 200,
  "num_workers": 4,
  "num_rounds": 3,
  "local_epochs": 1,
  "total_time": 47.62250208854675,
  "round_times": [
    12.42081618309021,
    12.404195308685303,
    12.304344892501831
  ],
  "serialization_times": [
    8.225440979003906e-05,
    9.608268737792969e-05,
    9.894371032714844e-05
  ],
  "training_times": [
    12.378015756607056,
    12.3653564453125,
    12.265368461608887
  ],
  "aggregation_times": [
    0.042701005935668945,
    0.03873872756958008,
    0.03887343406677246
  ],
  "final_accuracy": 0.2787
}