{
  "mode": "parallel",
  "num_clients": 200,
  "num_workers": 8,
  "num_rounds": 3,
  "local_epochs": 1,
  "total_time": 40.33962321281433,
  "round_times": [
    9.980483293533325,
    10.007412910461426,
    9.969281911849976
  ],
  "serialization_times": [
    7.176399230957031e-05,
    9.417533874511719e-05,
    0.00010442733764648438
  ],
  "training_times": [
    9.940735578536987,
    9.961796283721924,
    9.929198980331421
  ],
  "aggregation_times": [
    0.03965926170349121,
    0.0455174446105957,
    0.03997302055358887
  ],
  "final_accuracy": 0.3379
}