{
  "mode": "parallel",
  "num_clients": 100,
  "num_workers": 4,
  "num_rounds": 3,
  "local_epochs": 1,
  "total_time": 44.47436738014221,
  "round_times": [
    11.336216926574707,
    11.431129932403564,
    11.391059637069702
  ],
  "serialization_times": [
    6.437301635742188e-05,
    8.463859558105469e-05,
    8.869171142578125e-05
  ],
  "training_times": [
    11.316413640975952,
    11.410922288894653,
    11.366410493850708
  ],
  "aggregation_times": [
    0.01972174644470215,
    0.020119190216064453,
    0.024555444717407227
  ],
  "final_accuracy": 0.3357
}