{
  "mode": "parallel",
  "num_clients": 100,
  "num_workers": 8,
  "num_rounds": 3,
  "local_epochs": 1,
  "total_time": 38.18161153793335,
  "round_times": [
    9.284133672714233,
    9.284640312194824,
    9.096452236175537
  ],
  "serialization_times": [
    6.246566772460938e-05,
    8.893013000488281e-05,
    9.012222290039062e-05
  ],
  "training_times": [
    9.263778448104858,
    9.264715909957886,
    9.076189756393433
  ],
  "aggregation_times": [
    0.02027606964111328,
    0.019831180572509766,
    0.020168542861938477
  ],
  "final_accuracy": 0.3129
}