{
  "mode": "parallel",
  "num_clients": 100,
  "num_workers": 2,
  "num_rounds": 3,
  "local_epochs": 1,
  "total_time": 62.526211738586426,
  "round_times": [
    17.506070852279663,
    17.38468837738037,
    17.314628839492798
  ],
  "serialization_times": [
    6.508827209472656e-05,
    8.463859558105469e-05,
    8.988380432128906e-05
  ],
  "training_times": [
    17.47524881362915,
    17.36493992805481,
    17.29458737373352
  ],
  "aggregation_times": [
    0.030740737915039062,
    0.01965928077697754,
    0.019947528839111328
  ],
  "final_accuracy": 0.4059
}