{
  "mode": "parallel",
  "num_clients": 50,
  "num_workers": 4,
  "num_rounds": 3,
  "local_epochs": 1,
  "total_time": 42.78153967857361,
  "round_times": [
    10.780154943466187,
    10.962808847427368,
    10.80160665512085
  ],
  "serialization_times": [
    5.626678466796875e-05,
    7.843971252441406e-05,
    8.0108642578125e-05
  ],
  "training_times": [
    10.769017219543457,
    10.95216989517212,
    10.790632009506226
  ],
  "aggregation_times": [
    0.011066198348999023,
    0.010556221008300781,
    0.010890483856201172
  ],
  "final_accuracy": 0.3653
}