{
  "mode": "parallel",
  "num_clients": 50,
  "num_workers": 8,
  "num_rounds": 3,
  "local_epochs": 1,
  "total_time": 36.529821157455444,
  "round_times": [
    8.618213415145874,
    8.710423469543457,
    8.850472688674927
  ],
  "serialization_times": [
    5.793571472167969e-05,
    7.987022399902344e-05,
    7.843971252441406e-05
  ],
  "training_times": [
    8.607747554779053,
    8.699909210205078,
    8.840062379837036
  ],
  "aggregation_times": [
    0.010391950607299805,
    0.010430097579956055,
    0.010326623916625977
  ],
  "final_accuracy": 0.3748
}