{
  "mode": "parallel",
  "num_clients": 200,
  "num_workers": 16,
  "num_rounds": 3,
  "local_epochs": 1,
  "total_time": 41.17721343040466,
  "round_times": [
    10.19349479675293,
    10.295890808105469,
    10.228974103927612
  ],
  "serialization_times": [
    7.05718994140625e-05,
    9.34600830078125e-05,
    9.989738464355469e-05
  ],
  "training_times": [
    10.149496793746948,
    10.241781949996948,
    10.16575312614441
  ],
  "aggregation_times": [
    0.04391074180603027,
    0.054010868072509766,
    0.06311273574829102
  ],
  "final_accuracy": 0.2766
}