{
  "mode": "parallel",
  "num_clients": 50,
  "num_workers": 8,
  "num_rounds": 3,
  "local_epochs": 1,
  "total_time": 36.438796281814575,
  "round_times": [
    8.684043407440186,
    8.670308589935303,
    8.774390459060669
  ],
  "serialization_times": [
    6.008148193359375e-05,
    7.891654968261719e-05,
    8.153915405273438e-05
  ],
  "training_times": [
    8.67312240600586,
    8.656440496444702,
    8.763373613357544
  ],
  "aggregation_times": [
    0.010844230651855469,
    0.01378488540649414,
    0.010930538177490234
  ],
  "final_accuracy": 0.3748
}