{
  "mode": "parallel",
  "num_clients": 50,
  "num_workers": 2,
  "num_rounds": 3,
  "local_epochs": 1,
  "total_time": 57.86167335510254,
  "round_times": [
    16.0976779460907,
    15.817337989807129,
    15.807941436767578
  ],
  "serialization_times": [
    6.175041198730469e-05,
    8.249282836914062e-05,
    7.653236389160156e-05
  ],
  "training_times": [
    16.084714889526367,
    15.806365966796875,
    15.796722173690796
  ],
  "aggregation_times": [
    0.012884378433227539,
    0.010883808135986328,
    0.011138677597045898
  ],
  "final_accuracy": 0.3776
}