{
  "mode": "parallel",
  "num_clients": 50,
  "num_workers": 2,
  "num_rounds": 3,
  "local_epochs": 1,
  "total_time": 57.41425895690918,
  "round_times": [
    15.860890626907349,
    15.700721740722656,
    15.695372581481934
  ],
  "serialization_times": [
    6.0558319091796875e-05,
    7.939338684082031e-05,
    7.891654968261719e-05
  ],
  "training_times": [
    15.839226007461548,
    15.685357809066772,
    15.684866905212402
  ],
  "aggregation_times": [
    0.021582365036010742,
    0.015278339385986328,
    0.010422229766845703
  ],
  "final_accuracy": 0.3776
}