{
  "mode": "parallel",
  "num_clients": 10,
  "num_workers": 4,
  "num_rounds": 3,
  "local_epochs": 1,
  "total_time": 29.72333526611328,
  "round_times": [
    8.245697736740112,
    8.173629522323608,
    8.365623950958252
  ],
  "final_accuracy": 0.7005
}