{
  "mode": "parallel",
  "num_clients": 100,
  "num_workers": 16,
  "num_rounds": 3,
  "local_epochs": 1,
  "total_time": 38.124159812927246,
  "round_times": [
    9.22303819656372,
    9.216075658798218,
    9.248751878738403
  ],
  "serialization_times": [
    6.389617919921875e-05,
    9.059906005859375e-05,
    9.322166442871094e-05
  ],
  "training_times": [
    9.20264220237732,
    9.19564962387085,
    9.227644681930542
  ],
  "aggregation_times": [
    0.02031540870666504,
    0.020328760147094727,
    0.021006107330322266
  ],
  "final_accuracy": 0.3924
}