{
  "mode": "parallel",
  "num_clients": 50,
  "num_workers": 16,
  "num_rounds": 3,
  "local_epochs": 1,
  "total_time": 36.270021200180054,
  "round_times": [
    8.631088733673096,
    8.601592540740967,
    8.639900207519531
  ],
  "serialization_times": [
    7.390975952148438e-05,
    8.106231689453125e-05,
    8.606910705566406e-05
  ],
  "training_times": [
    8.620174646377563,
    8.587223291397095,
    8.629258394241333
  ],
  "aggregation_times": [
    0.010825872421264648,
    0.014283418655395508,
    0.010550975799560547
  ],
  "final_accuracy": 0.4515
}