{
  "mode": "parallel",
  "num_clients": 50,
  "num_workers": 4,
  "num_rounds": 3,
  "local_epochs": 1,
  "total_time": 42.15503144264221,
  "round_times": [
    10.708292484283447,
    10.649272203445435,
    10.659624099731445
  ],
  "serialization_times": [
    5.841255187988281e-05,
    8.0108642578125e-05,
    8.153915405273438e-05
  ],
  "training_times": [
    10.696818351745605,
    10.637490272521973,
    10.648714303970337
  ],
  "aggregation_times": [
    0.011398553848266602,
    0.01169729232788086,
    0.010823965072631836
  ],
  "final_accuracy": 0.3653
}