{
  "mode": "serial",
  "num_clients": 50,
  "num_rounds": 3,
  "local_epochs": 1,
  "total_time": 47.49941396713257,
  "round_times": [
    14.152892112731934,
    14.087610244750977,
    14.090587139129639
  ],
  "final_accuracy": 0.3264
}