{
  "mode": "serial",
  "num_clients": 10,
  "num_rounds": 3,
  "local_epochs": 1,
  "total_time": 34.708003759384155,
  "round_times": [
    10.150119304656982,
    9.788668870925903,
    9.782855033874512
  ],
  "final_accuracy": 0.8386
}