{
  "mode": "serial",
  "num_clients": 20,
  "num_rounds": 3,
  "local_epochs": 1,
  "total_time": 40.9737184047699,
  "round_times": [
    12.05615782737732,
    11.965220928192139,
    11.999007940292358
  ],
  "final_accuracy": 0.5903
}