{
  "mode": "serial",
  "num_clients": 50,
  "num_rounds": 3,
  "local_epochs": 1,
  "total_time": 46.20706367492676,
  "round_times": [
    13.73872971534729,
    13.756981611251831,
    13.734098672866821
  ],
  "final_accuracy": 0.3264
}